can we make this quick Roxanne Korrine and Andrew Barrett are having an incredibly horrendous public break up on the quad again,well i thought we'd start with pronunciation if that's okay with you
well i thought we'd start with pronunciation if that's okay with you,not the hacking and gagging and spitting part please
not the hacking and gagging and spitting part please,okay then how bout we try out some french cuisine Saturday night
you're asking me out that's so cute what's your name again,forget it
no no it's my fault we didn't have a proper introduction,Cameron
Cameron,the thing is Cameron i'm at the mercy of a particularly hideous breed of loser my sister i can't date until she does
the thing is cameron i'm at the mercy of a particularly hideous breed of loser my sister i can't date until she does,seems like she could get a date easy enough
why,unsolved mystery she used to be really popular when she started high school then it was just like she got sick of it or something
unsolved mystery she used to be really popular when she started high school then it was just like she got sick of it or something,that's a shame
gosh if only we could find Kat a boyfriend,let me see what i can do
right see you're ready for the quiz,i don't want to know how to say that though i want to know useful things like where the good stores are how much does champagne cost stuff like chat i have never in my life had to point out my head to someone
i don't want to know how to say that though i want to know useful things like where the good stores are how much does champagne cost stuff like chat i have never in my life had to point out my head to someone,that's because it's such a nice one
that's because it's such a nice one,forget french
how is our little find the wench a date plan progressing,well there's someone i think might be
there,where
you got something on your mind,i counted on you to help my cause you and that thug are obviously failing aren't we ever going on our date
you have my word as a gentleman,you're sweet
how do you get your hair to look like that,deep conditioner every two days and i never ever use a blowdryer without the diffuser attachment
sure have,i really really really wanna go but i can't not unless my sister goes
i really really really wanna go but i can't not unless my sister goes,i'm working on it but she doesn't seem to be going for him
she's not a,lesbian no i found a picture of jared leto in one of her drawers so i'm pretty sure she's not harboring same sex tendencies
lesbian no i found a picture of jared leto in one of her drawers so i'm pretty sure she's not harboring same sex tendencies,so that's the kind of guy she likes pretty ones
so that's the kind of guy she likes pretty ones,who knows all i've ever heard her say is that she'd dip before dating a guy that smokes
hi,looks like things worked out tonight
you know Chastity,i believe we share an art instructor
have fun tonight,tons
i looked for you back at the party but you always seemed to be occupied,i was
i was,you never wanted to go out with me did you
well no,then that's all you had to say
then that's all you had to say,but
but,you always been this selfish
then Guillermo says if you go any lighter you're going look like an extra on,no
do you listen to this crap,what crap
what crap,me this endless blonde babble i'm like boring myself
me this endless blonde babble i'm like boring myself,thank god if i had to hear one more story about your hairdressing
i figured you'd get to the good stuff eventually,what good stuff
what good stuff,the real you
the real you,like my fear of wearing pastels
i'm kidding you know how sometimes you just become this persona and you don't know how to quit,no
no,okay you're gonna need to learn how to lie
wow,let's go
she okay,i hope so
they do to,they do not
did you change your hair,no
no,you might wanna think about it
where did he go he was just here,who
who,joey
great,would you mind getting me a drink Cameron
he practically proposed when he found out we had the same dermatologist i mean Dr.Bonchowski is great an all but he's not exactly relevant party conversation,is he oily or dry
is he oily or dry,combination i don't know i thought he'd be different more of a gentleman
Bianca i don't think the highlights of dating Joey Dorsey are going to include door opening and coat holding,sometimes i wonder if the guys we're supposed to want to go out with are the ones we actually want to go out with you know
sometimes i wonder if the guys we're supposed to want to go out with are the ones we actually want to go out with you know,all i know is i'd give up my private line to go out with a guy like Joey
i have to be home in twenty minutes,i don't have to be home till two
you think you're the only sophomore at the prom,i am
it's more,expensive
exactly so you going to Bogey Lowenstein's thing on Saturday,hopefully
so yeah i've got the Sears catalog thing going and the tube sock gig that's gonna be huge and then i'm up for an ad for queen harry next week,queen harry
queen harry,it's a gay cruise line but i'll be like wearing a uniform and stuff
neat,my agent says i've got a good shot at being the top guy next year
hey sweet cheeks,hi Joey
hi Joey,you're concentrating awfully hard considering it's gym class
listen i want to talk to you about the prom,you know the deal i can't go if Kat doesn't go
where've you been,nowhere hi daddy
i have the potential to smack the crap out of you if you don't get out of my way,can you at least start wearing a bra
oh my god does this mean you're becoming normal,it means that giggle puss is playing at club skunk and we're going
it means that giggle puss is playing at club skunk and we're going,oh i thought you might have a date i don't know why i'm bothering to ask but are you going to Bogey Lowenstein's party Saturday night
oh i thought you might have a date i don't know why i'm bothering to ask but are you going to Bogey Lowenstein's party Saturday night,what do you think
what do you think,i think you're a freak i think you do this to torture me and i think you suck
you're ruining my life because you won't be normal i can't be normal,what's normal
what's normal,Bogey Lowenstein's party is normal but you're too busy listening to bitches who need Prozac to know that
can't you forget for just one night that you're completely wretched,at least i'm not a clouted fen sucked hedge pig
like i'm supposed to know what that even means,it's shakespeare maybe you've heard of him
it's shakespeare maybe you've heard of him,yeah he's your freak friend Mandella's boyfriend i guess since i'm not allowed to go out i should obsess over a dead guy too
you are so completely unbalanced,can we go now
Bianca i need to talk to you i need to tell you,i really don't think i need any social advice from you right now
i don't get you you act like you're too good for any of this and then you go totally crazy when you get here,you're welcome
listen i know you hate having to sit home because i'm not Susie high school,like you care
like you care,i do care but i'm a firm believer in doing something for your own reasons not someone else
i do care but i'm a firm believer in doing something for your own reasons not someone else,i wish i had that luxury i'm the only sophomore that got asked to the prom and i can't go because you won't
Joey never told you we went out did he,what
why,he was like a total babe
he was like a total babe,but you hate Joey
but you hate Joey,now i do back then was a different story
now i do back then was a different story,as in
he said everyone was doing it so i did it,you did what
you did what,just once afterwards i told him i didn't want to anymore i wasn't ready he got pissed then he broke up with me
but,after that i swore i'd never do anything just because everyone else was doing it and i haven't since except for Bogey's party and my stunning gastrointestinal display
after that i swore i'd never do anything just because everyone else was doing it and i haven't since except for Bogey's party and my stunning gastrointestinal display,why didn't you tell me
why didn't you tell me,i wanted to let you make up your own mind about him
i wanted to let you make up your own mind about him,no you didn't if you really thought i could make my own decisions you would've let me go out with him instead of helping daddy hold me hostage
that's not,i'm not stupid enough to repeat your mistakes
i'm not stupid enough to repeat your mistakes,i guess i thought i was protecting you
i guess i thought i was protecting you,god you're just like him just keep me locked away in the dark so i can't experience anything for myself
god you're just like him just keep me locked away in the dark so i can't experience anything for myself,not all experiences are good Bianca you can't always trust the people you want to
not all experiences are good Bianca you can't always trust the people you want to,i guess i'll never know will i
you looked beautiful last night you know,so did you
let go,you set me up
you set me up,i just wanted
i just wanted,what to completely damage me to send me to therapy forever what
what to completely damage me to send me to therapy forever what,no i just wanted
is that woman a complete fruit loop or is it just me,it's just you
patrick is that a,perm
now don't get upset daddy but there's this boy and i think he might ask,no you're not dating until your sister starts dating end of discussion
no you're not dating until your sister starts dating end of discussion,what if she never starts dating
what if she never starts dating,then neither will you and i'll get to sleep at night
then neither will you and i'll get to sleep at night,but it's not fair she's a mutant daddy
but she doesn't want to date,exactly my point
daddy i,and where're you going
and where're you going,if you must know we were attempting to go to a small study group of friends
if you must know we were attempting to go to a small study group of friends,otherwise known as an orgy
otherwise known as an orgy,it's just a party daddy but i knew you'd forbid me to go since Gloria Steinem over there isn't going
daddy people expect me to be there,if Kat's not going you're not going
oh god it's starting,it's just a party daddy
wear the belly before you go,daddy no
daddy no,just for a minute
promise me you won't talk to any boys unless your sister is present,why
why,because she'll scare them away
daddy i want to discuss the prom with you it's tomorrow night,the prom Kat has a date
the prom Kat has a date,no but
no but,it's that hot rod Joey right that's who you want me to bend my rules for
it's that hot rod joey right that's who you want me to bend my rules for,he's not a hot rod whatever that is
he's not a hot rod whatever that is,you're not going unless your sister goes end of story
you're not going unless your sister goes end of story,fine i see that i'm a prisoner in my own house i'm not a daughter i'm a possession
i'm missing something,i have a date daddy and he's not a captain of oppression like some men we know
always a pleasure,didn't have you pegged for a giggle puss fan aren't they a little too preteen bellybutton ring for you
didn't have you pegged for a giggle puss fan aren't they a little too preteen bellybutton ring for you,fan of a fan you see a couple of minors come in
fan of a fan you see a couple of minors come in,never
never,girls one tall decent body the other one kinda short and undersexed
girls one tall decent body the other one kinda short and undersexed,just sent them through
you the new guy,so they tell me
so they tell me,c'mon i'm supposed to give you the tour
so which Dakota you from,north actually how'd you
north actually how'd you,i was kidding people actually live there
i was kidding people actually live there,yeah a couple we're outnumbered by the cows though
yeah a couple we're outnumbered by the cows though,how many people were in your old school
how many people were in your old school,thirty two
thirty two,get out
get out,how many people go here
how many people go here,couple thousand most of them evil
that i'm used to,yeah but these guys have never seen a horse they just jack off to Clint Eastwood'
that girl i,you burn you pine you perish
you burn you pine you perish,who is she
who is she,Bianca Stratford sophomore don't even think about it
Bianca Stratford sophomore don't even think about it,why not
why not,i could start with your haircut but it doesn't matter she's not allowed to date until her older sister does and that's an impossibility
why do girls like that always like guys like that,because they're bred to their mothers liked guys like that and their grandmothers before them their gene pool is rarely diluted
because they're bred to their mothers liked guys like that and their grandmothers before them their gene pool is rarely diluted,he always have that crap eating grin
he always have that crap eating grin,Joey Dorsey permanent crap grin i wish i could say he's a moron but he's number twelve in the class and a model mostly regional stuff but he's rumored to have a big tube sock and coming out
you know french,sure do my mom's from Canada
sure do my mom's from Canada,guess who just signed up for a tutor
guess who just signed up for a tutor,you mean i'd get a chance to talk to her
you mean i'd get a chance to talk to her,you could consecrate with her my friend
yeah just a minor encounter with the shrew,that's her Bianca's sister
that's her Bianca's sister,the mewling wretch herself
i teach her french get to know her dazzle her with charm and she falls in love with me,unlikely but even so she still can't go out with you so what's the point
what about him,you wanna go out with him
what makes you think he'll do it,he seems like he thrives on danger
he seems like he thrives on danger,no kidding he's a criminal i heard he lit a state trooper on fire he just got out of Alcatraz
no kidding he's a criminal i heard he lit a state trooper on fire he just got out of Alcatraz,they always let felons sit in on honors biology
they always let felons sit in on honors biology,i'm serious man he's whacked he sold his own liver on the black market so he could buy new speakers
i'm serious man he's whacked he sold his own liver on the black market so he could buy new speakers,forget his reputation do you think we've got a plan or not
forget his reputation do you think we've got a plan or not,did she actually say she'd go out with you
did she actually say she'd go out with you,that's what i just said
you know if you do go out with Bianca you'd be set you'd outrank everyone strictly a list with me by your side,i thought you hated those people
i thought you hated those people,hey i've gotta have a few clients when i get to wall street
you got him involved,like we had a choice besides when you let the enemy think he's orchestrating the battle you're in a position of power we let him pretend he's calling the shots and while he's busy setting up the plan you have time to impress Bianca
this is it a golden opportunity Patrick can ask Katarina to the party,in that case we'll need to make it a school wide blow out
in that case we'll need to make it a school wide blow out,will Bogey get bent
will Bogey get bent,are you kidding he'll piss himself with joy he's the ultimate kiss ass
number one she hates smokers,it's a lung cancer issue
it's a lung cancer issue,her favorite uncle
her favorite uncle,dead at forty one
he's pretty,okay i wasn't sure
assail your ears for one night,it's her favorite band
you told me that part already,hell i've just been going over the whole thing in my head
extremely unfortunate maneuver,the hell is that what kind of guy just picks up a girl and carries her away while you're talking to her
the hell is that what kind of guy just picks up a girl and carries her away while you're talking to her,but hey you're making progress
but hey you're making progress,no i'm not
you humiliated the woman sacrifice yourself on the altar of dignity and even the score,best case scenario you're back on the payroll for awhile
and he means that strictly in a non prison movie type of way,yeah we'll see
what've you got for me,i've retrieved certain pieces of information on miss Katarina Stratford i think you'll find helpful
okay likes thai food feminist prose and angry stinky girl music of the indie rock persuasion,so what does that give me i'm supposed to buy her some noodles and a book and sit around listening to chicks who can't play their instruments
giggle puss is playing there tomorrow night,don't make me do it man
Cameron i'm a little busy,it's off the whole thing
what are you talking about,she's partial to Joey not me
Cameron do you like the girl,sure
sure,then go get her
what'd you do to her,i don't know i decided not to nail her when she was too drunk to remember it
she hates you with the fire of a thousand suns that's a direct quote,she just needs time to cool off i'll give it a day
you making any headway,she kissed me
she kissed me,where
what's the worst,you get the girl
the vintage look is over Kat haven't you been reading your sassy,yeah and i noticed the only part of you featured in your big Kmart spread was your elbow tough break
yeah and i noticed the only part of you featured in your big Kmart spread was your elbow tough break,they're running the rest of me next month
hey do you mind,not at all
where are you going,away
away,your sister here
leave my sister alone,and why would i do that
yeah,what do you think
two legs nice rack,yeah whatever i want you to go out with her
yeah whatever i want you to go out with her,sure sparky i'll get right on it
sure sparky i'll get right on it,you just said
you just said,you need money to take a girl out
you need money to take a girl out,but you'd go out with her if you had the cake
you got it Verona i pick up the tab you do the honors,you're going pay me to take out some girl
you're going pay me to take out some girl,i can't date her sister until that one gets a boyfriend and that's the catch she doesn't want a boyfriend
i can't date her sister until that one gets a boyfriend and that's the catch she doesn't want a boyfriend,how much
i can't take a girl like that out on twenty bucks,fine thirty
take it or leave it this isn't a negotiation,fifty and you've got your man
when i shell out fifty i expect results,i'm on it
i'm on it,watching the bitch trash my car doesn't count as a date
watching the bitch trash my car doesn't count as a date,i got her under control she just acts crazy in public to keep up the image
i just upped my price,what
what,a hundred bucks a date
a hundred bucks a date,forget it
forget it,forget her sister then
it's about time,a deal's a deal
how'd you do it,do what
do what,get her to act like a human
i don't know Dorsey the limo the flowers another hundred for the tux,enough with the barbie shit i know
hey,are you lost
are you lost,nope just came by to chat
nope just came by to chat,we don't chat
we don't chat,well actually i thought i'd run an idea by you you know just to see if you're interested
well actually i thought i'd run an idea by you you know just to see if you're interested,we're not
but she can't go out with you because her sister is this insane head case and no one will go out with her right,does this conversation have a purpose
does this conversation have a purpose,so what you need to do is recruit a guy who'll go out with her someone who's up for the job
i hear you're helping Verona,uh yeah we're old friend
uh yeah we're old friend,you and Verona
you and verona,what we took bathes together when we were kids
you better not fuck this up i'm heavily invested,hey it's all for the higher good right
who's that,Patrick Verona random kid
Patrick Verona random kid,that's Patrick Verona the one who was gone for a year i heard he was doing porn movies
that's Patrick Verona the one who was gone for a year i heard he was doing porn movies,i'm sure he's completely incapable of doing anything that interesting
i'm sure he's completely incapable of doing anything that interesting,he always look so
he always look so,blocky
Mandella eat starving yourself is a very slow way to die,just a little
what's this,an attempted slit
i realize that the men of this fine institution are severely lacking but killing yourself so you can be with William Shakespeare is beyond the scope of normal teenage obsessions you're venturing far past daytime talk show fodder and entering the world of those who need very expensive therapy,but imagine the things he'd say during sex
the people at this school are so incredibly foul,you could always go with me i'm sure William has some friends
so he has this huge raging fit about Sarah Lawrence and insists that i go to his male dominated puking frat boy number one golf team school i have no say at all,William would never have gone to a state school
William would never have gone to a state school,William didn't even go to high school
William didn't even go to high school,that's never been proven
that's never been proven,neither has his heterosexuality
i appreciate your efforts toward a speedy death but i'm consuming do you mind,does it matter
does it matter,if i was Bianca it would be any school you want precious don't forget your tiara
you think this'll work,no fear
what'd he say,who cares
you went to the party i thought we were officially opposed to suburban social activity,i didn't have a choice
i didn't have a choice,you didn't have a choice where's Kat and what have you done with her
you didn't have a choice where's Kat and what have you done with her,i did Bianca a favor and it backfired
i did Bianca a favor and it backfired,you didn't
you didn't,i got drunk i puked i got rejected it was big fun
can you even imagine who the hell would go to this a bastion of commercial excess,well i guess we're not since we don't have dates
well i guess we're not since we don't have dates,listen to you you sound like betty all pissed off because Archie is taking Veronica
listen to you you sound like betty all pissed off because Archie is taking Veronica,okay okay we won't go it's not like i have a dress anyway
okay okay we won't go it's not like i have a dress anyway,you're looking at this from the wrong perspective we're making a statement
you're looking at this from the wrong perspective we're making a statement,oh good something new and different for us
have you seen him,who
who,William he asked me to meet him here
William he asked me to meet him here,oh honey tell me we haven't progressed to full on hallucinations
i mean woman how are you doing,sweating like a pig actually and yourself
sweating like a pig actually and yourself,there's a way to get a guy's attention
there's a way to get a guy's attention,my mission in life
pick you up Friday then,oh right Friday
the night i take you to places you've never been before and back,like where the eleven on burnside do you even know my name screw boy
like where the eleven on burnside do you even know my name screw boy,i know a lot more than that
you hate me don't you,i don't really think you warrant that strong an emotion
i don't really think you warrant that strong an emotion,then say you'll spend dollar night at the track with me
then say you'll spend dollar night at the track with me,and why would i do that
and why would i do that,come on the ponies the flat beer you with money in your eyes me with my hand on your ass
come on the ponies the flat beer you with money in your eyes me with my hand on your ass,you covered in my vomit
you covered in my vomit,seven thirty
are you following me,i was in the laundromat i saw your car thought i'd say hi
i was in the laundromat i saw your car thought i'd say hi,hi
you're not a big talker are you,depends on the topic my fenders don't really whip me into a verbal frenzy
excuse me,that's what you want isn't it
that's what you want isn't it,do you mind you're sort of ruining it for me
you know these guys are no bikini kill or the raincoats but they're right up there,you know who the raincoats are
you know who the raincoats are,why don't you
what's this,i'm getting trashed man isn't that what you're supposed to do at a party
i'm getting trashed man isn't that what you're supposed to do at a party,i say do what you want to do
i say do what you want to do,funny you're the only one
okay,i'm fine i'm
you're not okay,i just need to lie down for awhile
i just need to lie down for awhile,you lie down and you'll go to sleep
you lie down and you'll go to sleep,i know just let me sleep
i know just let me sleep,what if you have a concussion my dog went to sleep with a concussion and woke up a vegetable not that i could tell the difference
this is so patronizing,leave it to you to use big words when you're shit faced
leave it to you to use big words when you're shit faced,why're you doing this
why re you doing this,i told you
i told you,you don't care if i die
you don't care if i die,sure i do
sure i do,why
why,because then i'd have to start taking out girls who like me
because then i'd have to start taking out girls who like me,like you could find one
like you could find one,see that who needs affection when i've got blind hatred
see that who needs affection when i've got blind hatred,just let me sit down
why'd you let him get to you,who
who,Dorsey
Dorsey,i hate him
i hate him,i know it'd have to be a pretty big deal to get you to mainline tequila you don't seem like the type
i know it'd have to be a pretty big deal to get you to mainline tequila you don't seem like the type,hey man you don't think i can be cool you don't think i can be laid back like everyone else
hey man you don't think i can be cool you don't think i can be laid back like everyone else,i thought you were above all that
i thought you were above all that,you know what they say
Kat wake up,what
and i'm in control of it,but it's giggle puss i know you like them i saw you there
when you were gone last year where were you,busy
busy,were you in jail
were you in jail,maybe
maybe,no you weren't
no you weren't,then why'd you ask
then why'd you ask,why'd you lie
i should do this,do what
do what,this
start a band,my father wouldn't approve of that
my father wouldn't approve of that,you don't strike me as the type that would ask permission
oh so now you think you know me,i'm getting there
so what's up with your dad he a pain in the ass,he just wants me to be someone i'm not
he just wants me to be someone i'm not,who
who,Bianca
Bianca,no offense but you're sister is without i know everyone likes her and all but
excuse me have you seen the feminine mystique i lost my copy,what are you doing here
what are you doing here,i heard there was a poetry reading
i heard there was a poetry reading,you're so
you re so,pleasant
wholesome,unwelcome
unwelcome,unwelcome i guess someone still has her panties in a twist
unwelcome i guess someone still has her panties in a twist,don't for one minute think that you had any effect whatsoever on my panties
don't for one minute think that you had any effect whatsoever on my panties,so what did i have an effect on
so what did i have an effect on,other than my upchuck reflex nothing
he left i sprung the dickhead and he cruised on me,look up sunshine
i guess i never told you i'm afraid of heights,it's not that bad
it's not that bad,try looking at it from this angle
put your right foot there,forget it i'm staying
forget it i'm staying,you want me to climb up and show you how to get down
you want me to climb up and show you how to get down,maybe
the partridge family,i figured it had to be something ridiculous to win your respect and piss you off
i figured it had to be something ridiculous to win your respect and piss you off,good call
good call,so how'd you get him to look the other way
so how'd you get him to look the other way,i dazzled him with my wit
a soft side who knew,yeah well don't let it get out
yeah well don't let it get out,so what's your excuse
so what's your excuse,acting the way we do
acting the way we do,yes
yes,i don't like to do what people expect then they expect it all the time and they get disappointed when you change
i don't like to do what people expect then they expect it all the time and they get disappointed when you change,so if you disappoint them from the start you're covered
so if you disappoint them from the start you're covered,something like that
something like that,then you screwed up
then you screwed up,how
how,you never disappointed me
you up for it,for
state trooper,fallacy
fallacy,the duck
the duck,hearsay
hearsay,i know the porn career's a lie
tell me something true,i hate peas
i hate peas,no something real something no one else knows
no something real something no one else knows,you're sweet and sexy and completely hot for me
you're sweet and sexy and completely hot for me,what
what,no one else knows
no one else knows,you're amazingly self assured has anyone ever told you that
you're amazingly self assured has anyone ever told you that,go to the prom with me
is that a request or a command,you know what i mean
you know what i mean,no
no,no what
no what,no i won't go with you
no i won't go with you,why not
why not,because i don't want to it's a stupid tradition
create a little drama start a new rumor what,so i have to have a motive to be with you
so i have to have a motive to be with you,you tell me
you tell me,you need therapy has anyone ever told you that
you need therapy has anyone ever told you that,answer the question Patrick
answer the question Patrick,nothing there's nothing in it for me just the pleasure of your company
how'd you get a tux at the last minute,it's scurvy's his date got convicted where'd you get the dress
it's scurvy's his date got convicted where'd you get the dress,it's just something i had you know
it's just something i had you know,oh
oh,look i'm sorry that i questioned your motives i was wrong
my grandmother's,what
what,that's where i was last year she'd never lived alone my grandfather died i stayed with her i wasn't in jail i don't know Marilyn Manson and i've never slept with a spice girl i spent a year sitting next to my grandma on the couch watching wheel of fortune end of story
that's completely adorable,it gets worse you still have your freshman yearbook
wait i,you were paid to take me out by the one person i truly hate i knew it was a setup
you were paid to take me out by the one person i truly hate i knew it was a setup,it wasn't like that
it wasn't like that,really what was it like a down payment now then a bonus for sleeping with me
really what was it like a down payment now then a bonus for sleeping with me,i didn't care about the money
besides i had some extra cash some asshole paid me to take out a really great girl,is that right
is that right,yeah but then i fucked up i fell for her
why is my veggie burger the only burnt object on this grill,because i like to torture you
because i like to torture you,Bianca can you get me my freshman yearbook
Bianca can you get me my freshman yearbook,don't you even dare
i know,i thought we decided you were going to school here
i thought we decided you were going to school here,you decided
this from someone whose diary is devoted to favorite grooming tips,enough
my insurance does not cover that,then tell them i had a seizure
then tell them i had a seizure,is this about Sarah Lawrence you punishing me
is this about Sarah Lawrence you punishing me,i thought you were punishing me
i thought you were punishing me,why can't we agree on this
why can't we agree on this,because you're making decisions for me
because you're making decisions for me,as a parent that's my right
as a parent that's my right,so what i want doesn't matter
so what i want doesn't matter,you're eighteen you don't know what you want you won't know until you're forty five and you don't have it
you're eighteen you don't know what you want you won't know until you're forty five and you don't have it,i want to go to an east coast school i want you to trust me to make my own choices i want
was that your sister,yeah she left with some bikers big ones full of sperm
yeah she left with some bikers big ones full of sperm,funny
i don't understand the allure of dehydrated food is this something i should be hip to,no daddy
no daddy,so tell me about this dance was it fun
so tell me about this dance was it fun,parts of it
parts of it,which parts
which parts,the part where Bianca beat the hell out of some guy
the part where Bianca beat the hell out of some guy,Bianca did what
Bianca did what,what's the matter upset that i rubbed off on her
what's the matter upset that i rubbed off on her,no impressed
you know fathers don't like to admit that their daughters are capable of running their own lives it means we've become spectators Bianca still lets me play a few innings you've had me on the bleachers for years when you go to Sarah Lawrence i won't even be able to watch the game,when i go
when i go,oh christ don't tell me you've changed your mind i already sent them a check
Katarina Stratford my my you've been terrorizing Ms.Blaise again,expressing my opinion is not a terrorist action
expressing my opinion is not a terrorist action,well yes compared to your other choices of expression this year today's events are quite mild by the way Bobby Rictor's gonad retrieval operation went quite well in case you're interested
well yes compared to your other choices of expression this year today's events are quite mild by the way Bobby Rictor's gonad retrieval operation went quite well in case you're interested,i still maintain that he kicked himself in the balls i was merely a spectator
i still maintain that he kicked himself in the balls i was merely a spectator,the point is Kat people perceive you as somewhat
tempestuous,no i believe heinous bitch is the term used most often
am i supposed to feel better like right now or do i have some time to think about it,just smack her now
hey there tired of breathing,hi
hi,cool pictures you a fan
cool pictures you a fan,yeah i guess
you think,oh yeah
Macbeth right,right
right,Kat a fan too
Kat a fan too,yeah
say it,what
what,whatever the hell it is you're standing there waiting to say
what plan,the situation is my man Cameron here has a major jones for Bianca Stratford
the situation is my man Cameron here has a major jones for Bianca Stratford,what is it with this chick she have three tits
i think i speak correctly when i say that cameron's love is pure purer than say Joey Dorsey's,Dorsey can plow whoever he wants i'm just in this for the cash
that's where we can help you with Kat,so Dorsey can get the girl
so Dorsey can get the girl,Patrick you're not looking at the big picture Joey's just a pawn we set this whole thing up so Cameron can get the girl
you two are gonning help me tame the wild beast,we're your guys
what,good enough
are you telling me i'm a nonsmoker,just for now
ever been to club skunk,yeah
i prefer to think of it simply as an alternative to what the law allows,i'm liking you guys better
so you got cozy with she who stings,no i've got a sweet paying job that i'm about to lose
you were right she's still pissed,sweet love renew thy force
sweet love renew thy force,man don't say shit like that to me people can hear you
i missed you,it says here you exposed yourself to a group of freshmen girls
it says here you exposed yourself to a group of freshmen girls,it was a bratwurst i was eating lunch
it was a bratwurst i was eating lunch,with the teeth of your zipper
i don't understand patrick you haven't done anything asinine this week are you not feeling well,touch of the flu
touch of the flu,i'm at a loss then what should we talk about your year of absence
why don't we discuss your driving need to be a hemorrhoid,what's to discuss
what's to discuss,you weren't abused you aren't stupid and as far as i can tell you're only slightly psychotic so why is it that you're such a fuck up
you weren't abused you aren't stupid and as far as i can tell you're only slightly psychotic so why is it that you're such a fuck up,well you know there's the prestige of the job title and the benefits package is pretty good
you're completely demented,see you next week
in the microwave,make anyone cry today
what's a synonym for throbbing,Sarah Lawrence is on the other side of the country
jesus can a man even grab a sandwich before you women start dilating,tumescent
tumescent,you're not helping
would you rather be ravished by a pirate or a british rear admiral,pirate no question
they'll dance they'll kiss they'll come home let her go,kissing is that what you think happens kissing isn't what keeps me up to my elbows in placenta all day
what do you wanna watch we've got crap or crap,Dr.Ruth
have a great time honey,but who what
what just happened,your daughters went to the prom
your daughters went to the prom,did i have anything to say about it
did i have anything to say about it,absolutely not
absolutely not,that's what i thought
i never seen heat like this not even in the summer,the water's going putrid in the barrels
the water's going putrid in the barrels,you'll be drinking your own piss for the glory of Spain and admiral colon bastard
what are you listening to chicken,leave him alone he's doing no harm
leave him alone he's doing no harm,with a face like that i don't want you looking at me you hear
he's the devil's child,we'll all go crazy
we should have seen land,we left three weeks ago Alonso can't be that near
we left three weeks ago Alonso can't be that near,can't be that far i say also i don't like the smell of the sea around here smells like a bad sign
you say Asia can be found by sailing west,yes your eminence the voyage should not take more than six or seven weeks
yes your eminence the voyage should not take more than six or seven weeks,unfortunately that is precisely where our opinions differ are you familiar with the work of Aristotle Erathostene Ptolemeus
unfortunately that is precisely where our opinions differ are you familiar with the work of Aristotle Erathostene Ptolemeus,i am your eminence
i am your eminence,then you cannot ignore that according to their calculations the circumference of the earth is approximately leagues or more which makes the ocean uncrossable
senior captain an experienced captain such as yourself will understand our concern with the crew i am not willing to have on my conscience the loss of men who would have relied upon our judgment,excellency you are right
your eminence there is only one way to settle the matter and that is to make the journey i am ready to risk my life to prove it possible,your life and that of others
your life and that of others,if they agree to follow me yes
trade your excellency according to the kingdom of china is one of the richest of the world even the meanest buildings are roofed with gold,is that all that interests you gold
is that all that interests you gold,no the Portuguese have already discovered black skinned people i too will find other populations and bring them to the word of god
if god intended our proximity to Asia do you believe he would have waited for you to show it to the world,did he not choose a carpenter's son to reveal himself to the world
don't you realize your words could be considered heretical,blind faith is what i consider heresy
Asia can be found to the west and i will prove it,if god will sit
the state has some reason to be interested in this man's proposition your eminence,the judgment is ours
the judgment is ours,naturally but i would really deplore the loss of such a potential opportunity for Spain for a dispute over a point of geography
he is a mercenary did he not already try to convince the king of Portugal of his absurd notions,indeed the world is full of mercenaries and states often make use of them when it benefits them my only concern is the welfare and prosperity ofSpain
it won't be easy to get rid of your prophet,on the contrary your eminence it seems to me the man is preparing his own cross
you can see for yourself,what a tragedy what a waste of a life
what a tragedy what a waste of a life,a waste let me tell you something if your name or mine is ever remembered it will only be because of his
i could be gone for years,i know
i know,i haven't given you much of a life
i haven't given you much of a life,well that's true i have a child by a man who won't marry me who's always leaving
well that's true i have a child by a man who won't marry me who's always leaving,are we going to argue
are we going to argue,i'd love to argue with you sometime but you're never here
perhaps i was never meant to live with a woman,i find that hard to believe
she said yes,thank god
i'm not asking you to swear to anything,i don't want you to wait for me
i don't want you to wait for me,that's something you can't decide
i want to ask you something,you don't usually ask
you don't usually ask,i can arrange for the queen to take Fernando and Diego into her service
god you're so beautiful i can't believe no other man has ever taken you away from me,they tried but i didn't let them
they took everything,not everything do you think i care i'm a free man again riches don't make a man rich they only make him busier
can't you stay with us a little,i am busy inside
what is it now tell me,i can't keep my eyes off you i would like to catch up with all the moments i didn't spend with you
i understand that you will soon be appointing governors for the islands is it not so,forgive me those positions have already been taken
forgive me those positions have already been taken,may i ask by whom
may i ask by whom,Bartolome and Giacomo Colon
my letters of appointment,appointment to what
appointment to what,viceroy of the west Indies
viceroy of the west Indies,congratulations then i am free to search for the mainland
how far from here,i am not a seaman but i heard it is no more than a week at sea i hope you are not too disappointed
i am not a seaman but i heard it is no more than a week at sea i hope you are not too disappointed,how could i be the mainland has been found exactly as i said it would
how could i be the mainland has been found exactly as i said it would,i am afraid this is not the worst news
i want to go with you,there'll be a time
there'll be a time,you promised do you swear
do you swear on all the holy saints in heaven,yes i do on all of them
i have to explore the mainland,this time with me
how are you feeling,not bad
father,there must be a passage to that other ocean
what are you listening to,i am not listening father but i can't help hearing
what does he say,he asks when he can come to visit you he left his address
he asks when he can come to visit you he left his address,he never had one except aboard my ships
i want you to tell me everything you remember father from the beginning everything,really god i wouldn't know where to start and yet
really god i wouldn't know where to start and yet,tell me the first thing that comes to your mind
no,no i have waited too long fought too hard now you expect me to take all the risks while you take the profit no i will not be your servant
i remind you that you are in no position to bargain with me,i'm not bargaining
i'm not bargaining,then you are too ambitious
and were you never ambitious excellency or is ambition only a virtue among the nobles a fault for the rest of us,if you won't accept our proposal we'll simply find someone who will
they don't see sin in their nakedness they live according to nature in a never ending summer the islands are covered with trees filled with blossoms and fruits and,forgive me but what about gold
you defend yourself admirably,for a commoner
but we do have a lack of notaries you should contact my administration,Bobadilla is already a judge my dear Cristobal
Bobadilla is already a judge my dear Cristobal,good we are also in need of judges except there are no thieves
you seem to have a special talent for making friends,what do i have so many already
what do i have so many already,to rise so high in so short a time is a dangerous occupation a little hypocrisy goes a long way
all i have to do is call the guards,call them
i am not afraid of you you are nothing but a dreamer,look out of that window
what do you see,roofs towers palaces spires
roofs towers palaces spires,all of them created by people like me
say not here Cuba,what is it a tribe an island
what is it a tribe an island,island far
you come you speak first,tell the chief we thank him
tell the chief we thank him,chief knows
chief knows,tell him his country is very beautiful tell him we are leaving men here to build a fort
chief says how many,thousands
thousands,why
to bring the word of god,chief says he has a god
chief says he has a god,and also to bring medicine
and also to bring medicine,chief says
chief says,he has medicine tell him we admire his people
we will work with his people we want peace ask the chief if he understands,he understands
he understands,ask him if he will help
you have to find them look what they did,you did the same to your god
he won't you speak to me you used to know how to speak to me,you never learned how to speak my language
Diego is a bright boy a pleasure to teach but so serious brothers should be raised together colon even brothers from different mothers,father i am doing what i think is the best for him and he has the teacher i would have chosen for myself
god that's in a week,that's what it says
that's what it says,how did you manage it
how did you manage it,with some difficulty i had to promise them you were not a total fool
why do you wish to sail west,to open a new route to Asia at the moment there are only two ways of reaching it
how can you be so certain the ocean is said to be infinite,ignorance i believe the indies are no more than leagues west of the canary islands
ignorance i believe the indies are no more than leagues west of the canary islands,how can you be so certain
how can you be so certain,the calculations of great mathematicians 
the calculations of great mathematicians,he is a jew
he is a jew,so was christ
two minutes and already you're a dead man don't let passion overwhelm you Colon,i'll try to remember that
i'll try to remember that,father
father,passion is something one cannot control
passion is something one cannot control,you get so carried away when you are being contradicted
you get so carried away when you are being contradicted,i've been contradicted all my life eternity
i've been contradicted all my life eternity,only god knows the meaning of such words my son
you mustn't give way to despair you must wait,wait i've waited seven years already how much longer do you want me to wait
wait i've waited seven years already how much longer do you want me to wait,if god intends you to go then you will go
if god intends you to go then you will go,damn god
all of them just lies,don't
i am listening my son,father i have betrayed my family i betrayed my men and i betrayed you
father i have betrayed my family i betrayed my men and i betrayed you,what are you saying
what are you saying,i lied the journey will be longer than i said
i lied the journey will be longer than i said,how long
how long,i am not sure it could be twice the distance
may god forgive you you must tell them you must tell your men,if i tell them they won't follow me you know that i am right father you trust me
if i tell them they won't follow me you know that i am right father you trust me,my son my son your certitudes are sometimes frightening you must speak to them and if you don't i will
my son my son your certitudes are sometimes frightening you must speak to them and if you don't i will,you are bound by an oath father
i believed in you,give me absolution
i suppose we're both old men now,you'll always be older than me father
i have to disagree,i knew you would
i knew you would,new worlds create new people
new worlds create new people,oh so you are a new man
oh so you are a new man,i don't know i have the impression that i didn't change that much i still can't accept the world as it is
i should not even be listening to you since my council said no but Santangel tells me you are a man of honor and sincerity and Sanchez that you are not a fool,no more than the woman who said she would take granada from the moors
the ocean is uncrossable,what did they say about her before today
what did they say about her before today,that she was impregnable
i cannot ignore the verdict of my council,surely you can do anything you want
may i speak freely,you show no inclination to speak otherwise
you show no inclination to speak otherwise,i know what i see i see someone who doesn't accept the world as it is who's not afraid i see a women who thinks what if
i know what i see i see someone who doesn't accept the world as it is who's not afraid i see a women who thinks what if,a woman
how old are you,thirty seven your majesty and you
do they have such thoughts,they come and go as naked as the day god created them
but without your brothers nor are you to return to the island or any of the other colonies you may explore the continent,thank you
thank you,there is one thing i'd like to understand why do you want to go back after all this
there is one thing i'd like to understand why do you want to go back after all this,your majesty some men are content to read about things i must see them with my own eyes i cannot be other than i am
and you say this is an indian vice by god i don't see any kind of pleasure that would make this a sin,the indians have no such word
we lost cousins friends we will wash this in blood,if you want to keep your head on your shoulders you'll do as i say
you want a war fine we are a thousand they outnumber us by ten who will you kill which tribe,we don't need to know
we don't need to know,we came here to stay to build not to start a crusade in this forest there is enough danger to sweep us away in days so we will be brave and swallow our grief and in the name of those who died we will accomplish what we came for
we can't raise the wheel without it,my horse doesn't work
we all have to work,you did not hear me not my horse
in one act of brutality you have created chaos tribes who were fighting each other are now joining forces against us all that because of your criminal savagery,savagery is what monkeys understand
savagery is what monkeys understand,you'll be held in detention deprived of your privileges and possessions until you are returned to Spain where you will be judged have you anything to say
you'll be held in detention deprived of your privileges and possessions until you are returned to Spain where you will be judged have you anything to say,you will regret this
due west captain and may god be with us,god be with us admiral
well it's the men sir they wonder how you know our position we've lost sight from land days ago,and what do you think
and what do you think,well i surely know what a quadrant is but i've never seen it used at night before
well i surely know what a quadrant is but i've never seen it used at night before,come over here
what do you read,twenty eight
what's he doing,he's drawing an isthmus he's saying we're on an isthmus
he's drawing an isthmus he's saying we're on an isthmus,we can't be
where can i meet this man,immediately
you lied you cheated we're way past leagues,six days ago
six days ago,you must be mad
you must be mad,we have to keep the hopes of these men alive
we have to keep the hopes of these men alive,we're on the verge of a mutiny
we're on the verge of a mutiny,you think i don't know that
you think i don't know that,we're lost
we're lost,the land is there i know it
the land is there i know it,you don't know anything listen these are my ships right so i'm telling you we're turning back
you don't know anything listen these are my ships right so i'm telling you we're turning back,and then what half of the water has gone the rest is nearly putrid you know that
and then what half of the water has gone the rest is nearly putrid you know that,i should have never listened to you
jesus maria i should have never listened to you,you never did you did all the talking for both of us remember
you never did you did all the talking for both of us remember,you bloody
you bloody,all we can do now is go forward think about that
all we can do now is go forward think about that,you tell that to them
you tell that to them,you're right let the men decide
is that the man i knew the treasurer,yes your majesty
you were right his demands could never be granted,never your majesty although
into a monk,yes it would be a pity wouldn't it call him back
every ship returns with a cargo of sick and dying but with no gold the new world proves expensive your majesty,we weren't expecting immediate profits were we we must have faith we must give time for time
but there is worse he ordered the execution of five members of the nobility,is this true brother
then what do you suggest,he must be replaced
he must be replaced,and who would you think of for such a task
i know i should not tolerate his impertinence,then why
then why,because he is not afraid of me
are you my attorney i'm ill i'm insane,i'm not your lawyer until i see the money
i'm not your lawyer until i see the money,here i have your money
oh no no shit,take it easy stay with me sit down what do you need what are you looking for
emil take it easy stay with me sit down what do you need what are you looking for,he has the camera he took the movie
don't say anything,where are we going
where are we going,i'm coming with you
i'm coming with you,yes come with me
yes come with me,i'm invoking rights this man is represented by counsel i'm coming with him
i brought you some letters it's really fan mail women mostly one wants to buy you clothes another sent a check another wants a check,you bring the cigarettes
you bring the cigarettes,sure
delusions and paranoia,i was all of these
i was all of these,well you didn't appreciate the severity of it until recently no question about that
well you didn't appreciate the severity of it until recently no question about that,what about him
what about him,disappeared they're looking everywhere maybe he went back to Czechoslovakia
disappeared they're looking everywhere maybe he went back to Czechoslovakia,no he is here
no he is here,don't worry about him think about yourself
don't worry about him think about yourself,what about my movie rights book rights
what about my movie rights book rights,look i haven't really focused on that kind of thing
look i haven't really focused on that kind of thing,what's your cut how much
what's your cut how much,i would say half half is fair
i would say half half is fair,no way
no way,but it's
but it's,thirty percent no more or i call another lawyer this is the biggest case of your life don't try to negotiate thirty percent say yes or no
thirty percent no more or i call another lawyer this is the biggest case of your life don't try to negotiate thirty percent say yes or no,this is not about money i need your trust in me
this is not about money i need your trust in me,what else do you need
what else do you need,i need to know about your background i need to know about your upbringing why you're here
i need to know about your background i need to know about your upbringing why you're here,give me another one please
tell me about yourself what you did as a young boy what your parents were like,my father always degraded me killed my self esteem and my mother was blind
my father always degraded me killed my self esteem and my mother was blind,your mother was blind
your mother was blind,yeah she went blind giving birth to me she went to fucking black market doctor to induce me
yeah she went blind giving birth to me she went to fucking black market doctor to induce me,back in the Czechoslovakia
back in the Czechoslovakia,yeah bad doctor gave her bad drugs which made her go blind and my father blamed me for her blindness
yeah bad doctor gave her bad drugs which made her go blind and my father blamed me for her blindness,your father blamed you for your mother's blindness
your father blamed you for your mother's blindness,yeah he hated me from day when i was born put it out can you put the cigarette out
that's what he did to me he put cigarettes out on me,your father put cigarettes out on you
your father put cigarettes out on you,out on my back when i was a small boy
out on my back when i was a small boy,can i see your back
i'm abused don't you think,i don't think it's abuse i think it's torture
so we kill someone famous and if we are caught we are sent to mental hospital,officers there's your killer do your duty arrest him
my little sister and i shared a flat i came home one night and a man was raping her his gun was on the chair he came at me and i shot him,alright that's a justifiable homicide
alright that's a justifiable homicide,yes but he was a cop
now i become custody of police department,if you cooperate with the DA maybe they'll help you with your situation
if you cooperate with the DA maybe they'll help you with your situation,i will if they don't send me back
i will if they don't send me back,they won't until this is over
are you married,divorced
divorced,do you live alone i've been in these clothes since the killings could we stop at your place i could take a shower before i go into custody
i can't take you to my place,somewhere else
the men are out of quarters practicing putting out fires,the station is empty
the station is empty,yeah this way
you considered becoming a prostitute,yes i considered it
yes i considered it,did you ever turn tricks before
did you ever turn tricks before,no
no,what about back home
what about back home,no
i came here i had no money i knew no one i couldn't get a job because you have to have a green card to get work they approached me i could've made a lot of money i considered it but it's not who i am they pay me below the table,so you were never a prostitute
so you were never a prostitute,what are you asking me
what are you asking me,i'm just trying to find out who you are
i'm not a prostitute,i know
i know,you don't know i'm sorry i was desperate that's not me i shot a cop can you imagine what they'll do to me when i got to prison
you don't know i'm sorry i was desperate that's not me i shot a cop can you imagine what they'll do to me when i got to prison,they're not gonna send you right back
they're not gonna send you right back,i'm sorry i didn't mean to i'm glad actually i'm glad it's over all this time hiding never being able to look anyone in the eyes always afraid that someone would find out who i was never trusting anyone
are you alright,i still can't believe hes gone
i still can't believe hes gone,i'm sorry
is he your boyfriend,he's gay are you jealous
he's gay are you jealous,if i was your boyfriend i might be
if i was your boyfriend i might be,if you were my boyfriend i'd suggest you find another girlfriend that isn't going to jail ten thousand miles away
a good immigration lawyer could stall the process,no matter what happens i'm glad i met you
no matter what happens i'm glad i met you,i'm glad i met you
you better get packed,right
do you have coffee,in the kitchen
in the kitchen,i'll make some for us
i'll make some for us,i'll get my clothes
what are you doing,pouring it out
forget about me you have enough problems of your own,do you really want me to forget about you
do you really want me to forget about you,i don't want to drag you down with me
i don't want to drag you down with me,i
i told your partner i can't help i didn't see anything,start at the beginning you know these people
start at the beginning you know these people,she was a friend of mine my shower was broken she let me use theirs
she was a friend of mine my shower was broken she let me use theirs,go on
whether you tell us or not we'll find out better if it comes from you,if i tell you will you arrest me
if i tell you will you arrest me,arrest you for what why would we arrest you
are you here illegally don't worry about that we'll talk to immigration they won't deport you,no don't talk to immigration
a cop,i'm from a small town in Czechoslovakia like the south here the police is right a civilian is wrong so i fled
i'm from a small town in Czechoslovakia like the south here the police is right a civilian is wrong so i fled,look we can help you but right now we have to deal with what's happening here tell us the truth is that the truth
look we can help you but right now we have to deal with what's happening here tell us the truth is that the truth,you're a cop you'll never believe me
oh,it was my decision not his
it was my decision not his,well i'm the deputy chief fire marshall and every now and then i'd like to be included in decisions
well i'm the deputy chief fire marshall and every now and then i'd like to be included in decisions,look after him brief me you can do the press conference how about that the case is all yours
look after him brief me you can do the press conference how about that the case is all yours,oh yeah alright
oh yeah alright,i'm ready to be briefed excuse us
i'm ready to be briefed excuse us,yeah sure beep me when you're ready for the press conference
who did cause and origin,who do you think chief
who do you think chief,then why didn't you talk to the reporter
then why didn't you talk to the reporter,because we got more important things to do like finding out who did it
hey chief what are you doing here,i came to see how the investigation was going i called and you're not here i wait up at the station and you don't even show up i beep you you don't return my call where the hell have you been
ladder was on the rock for training we stopped there so she could get cleaned up,what do you mean cleaned up
what do you mean cleaned up,i let her take a shower
i let her take a shower,a shower did you take one too
a shower did you take one too,no nothing happened
no nothing happened,oh really that's nice you took a homicide witness to take a shower after your partner was shot are you out of your mind are you having that much trouble getting dates
chief mind if i take her,okay but not water sports
the public doesn't have any idea what we do and now you're going to define our image this is going to be our victim,what was i supposed to do the guy tried to mug me i was going send a cop back i just forgot
what was i supposed to do the guy tried to mug me i was going send a cop back i just forgot,forgot you handcuffed a civilian to a tree
forgot you handcuffed a civilian to a tree,chief i know i screwed up but this guy was no innocent civilian
chief i know i screwed up but this guy was no innocent civilian,well this is going end your career and probably mine
well this is going end your career and probably mine,end my career
but chief over this,there's nothing to talk about get a good lawyer you're suspended until your trial
don't you guys understand it's all about image the better we look the more money i get to pay you guys overtime,yeah right
yeah right,what was that
what was that,i said yeah you're right chief as soon as we get something we'll let you alert the media
i said yeah you're right chief as soon as we get something we'll let you alert the media,you do that wise guy now let's solve this thing before he does
did you videotape her deposition,yeah he finished awhile ago
yeah he finished awhile ago,alright swing by her apartment let her pick up her clothes and take her straight home you got that
alright swing by her apartment let her pick up her clothes and take her straight home you got that,yeah
coffee for me i gotta slow down,vodka tonic
vodka tonic,maybe you could just put in a shot of vodka
i'm going propose,when
when,tomorrow at lunch
tomorrow at lunch,you ready
what's he looking for,a timer
where is she,takin a bath
takin a bath,any id
any id,still unknown but we're running prints kid over there caught the case
sorry police only,it's okay
only one guy checked in,yeah
yeah,come here you wanna go to homicide school here make yourself useful
the other side of the street the guy with the video camera don't look put her in the car stay this side,stay with her
are you hit,no i'm okay
he got my gun he was filming the whole time,i know relax take it easy don't worry we'll get them
who's there,police we'd like to ask you a few questions
police we'd like to ask you a few questions,i have nothin to say if you want to contact my attorney
i have nothin to say if you wanna contact my attorney,homicide it's the detective open up
what's wrong,we don't have her id yet but one of your girls was killed last night at the hotel
we don't have her id yet but one of your girls was killed last night at the hotel,oh my god honey honey's dead
yeah he wanted a girl from Czechoslovakia but i sent him honey cause once they get there you know it doesn't really matter honey was killed poor girl,do you have any girls working for you
do you have any girls working for you,no
no,did you tell him you did
boy she's so popular all the sudden,what are you saying
what are you saying,another guy came in asking me about her too
he said he was her cousin i told him where she works they were just here,describe him
describe him,tall short haired scary eyes second guy with him was shorter with a wrestler's build and he wouldn't turn his video camera off me
tall short haired scary eyes second guy with him was shorter with a wrestler's build and he wouldn't turn his video camera off me,he had a video camera where is she quickly
he had a videocamera where is she quickly,she washes hair up at the salon up the road
hey that's great you guys got it all wrapped up but you don't mind if we go through the routine it gives us something to do,no we don't mind
you know what that is right,no what is it
no what is it,why don't you explain it you mind punching a hole in the floor
it's your crime scene now you can do what you want,watch the news
watch the news,i must have missed it
i must have missed it,well just so you know i gave you guys the credit
well just so you know i gave you guys the credit,well just so you know i don't care about that stuff
well just so you know i don't care about that stuff,why should you
why should you,i don't even watch tv
i don't even watch tv,good commendable
did you get a report from the me,sure but i would like to ask you something you got a problem with me
sure but i would like to ask you something you got a problem with me,if you found me stepping on your crime scene it might make you mad too what about the report
if you found me stepping on your crime scene it might make you mad too what about the report,you were right they were both dead before the fire the male was stabbed so hard the killer broke off the tip of the knife in his spine that's usually an indicator of something personal
the super said he'd seen her before but she didn't live here,pretty
pretty,oh
oh,maybe you don't care about that either prettiest suspect i've had in awhile
maybe you don't care about that either prettiest suspect i've had in awhile,who says she's a suspect
what would you call her,look i'm not even sure she has anything to do with this i saw her outside after the fire thought it was a lead maybe she saw something maybe she was visiting somebody here who knows
maybe it's a ritual thing or someone trying to send a message burial rites are taken very seriously in eastern Europe it could be to humiliate them just burning them up no proper funeral it's like condemning them to hell,eastern Europe like what Romania and Hungary
eastern Europe like what Romania and Hungary,or Czechoslovakia the slavs have been fighting the Germans and the Russians for a thousand years these are very intense people and they take things personally
i'll come with you,there wasn't a fire there'll be nothing for you to do
there wasn't a fire there'll be nothing for you to do,i can watch you maybe i'll learn something
i can watch you maybe i'll learn something,this isn't homicide school
this isn't homicide school,my parents are from Poland i can help with the eastern european angle
my parents are from Poland i can help with the eastern european angle,you're polish
you're polish,my folks are
my folks are,stay here
you going to the escort service,you got any better ideas
you got any better ideas,mind if i ride along with you
mind if i ride along with you,this has nothing to do with your fire
this has nothing to do with your fire,but what if it does you might need my help
i'll let you know what happens,this is ridiculous i'm not going be in your way we can talk the case over
this is ridiculous i'm not going be in your way we can talk the case over,tell you what i'll flip you a coin if you win you can come with me if you don't win you don't come
tell you what i'll flip you a coin if you win you can come with me if you don't win you don't come,i'll call it tails
two heads,better than one
meet us at the hair salon,i'm on my way to the salon the suspects might be there already
you thirsty,i'm on duty
i'm on duty,so am i alright i'll go inside and you cover the back
so am i alright i'll go inside and you cover the back,of course
of course,i always wanted to be a cop when i was a kid i dreamed of running up to a door kicking it in pulling my gun and yelling freeze at the bad guy what'd you dream about
i always wanted to be a cop when i was a kid i dreamed of running up to a door kicking it in pulling my gun and yelling freeze at the bad guy what'd you dream about,i wanted to run up to a building on fire kick in the door rush into the smoke and save a kid
i wanted to run up to a building on fire kick in the door rush into the smoke and save a kid,then i guess we're doing this the right way aren't we if we pull up to a burning building i'll gladly let you go first
what are you hiding why are you afraid,she just saw two of her friends killed they probably threatened her
she just saw two of her friends killed they probably threatened her,is that all there is
why not,something back home
she's in trouble even if that story is true,raw deal
look let me talk to her any leads i get they're all yours just let me have a first crack at her,you want to talk to her alone
you want to talk to her alone,yeah
yeah,what would your girlfriend think of that
what would your girlfriend think of that,i don't have a girlfriend
i don't have a girlfriend,my point exactly
my point exactly,i'm serious here
i'm serious here,so am i
so am i,come on you intimidate her cause you're a celebrity she sees me differently
come on you intimidate her cause you're a celebrity she sees me differently,you're her savior is she the kid you're going save from the burning building
you're her savior is she the kid you're going save from the burning building,you know what i'm saying here
okay tell you what i'll give you a head start you take her to the station house don't let her out of your sight she's the only warm body we got left,hey i'm a professional
hey i'm a professional,women like that have a way of turning professionals into amateurs
look i'm telling you i didn't touch her,well you should have because nobody's going believe you didn't including me
well you should have because nobody's going believe you didn't including me,i took her there for a shower and that's it
i took her there for a shower and that's it,just a shower
i told you you know i thought i was doing the right thing you know i think she's innocent,well it's not up to you to decide whether she's innocent or not don't you understand that's why you're a professional
well it's not up to you to decide whether she's innocent or not don't you understand that's why you're a professional,but i mean didn't you ever go out on a limb for somebody i mean you should have heard her there telling her whole story i believed her
why did you help me back there with the chief why'd you stand up for me like that,you know i don't know i like you you remind me of a puppy i used to have he peed on the rug all the time but i still kept him
so who's that,what do you want
what do you want,your opinion you see they are going to make a movie about me and write books
your opinion you see they are going to make a movie about me and write books,what's your accomplishment
what's your accomplishment,i killed someone famous
i killed someone famous,then do it asshole
then do it,good be tough to the end actor who plays you will want to die like hero
so tabloids don't have to do re-enactments they going to have real movie this time,if you kill me and film it you're putting a noose around your neck